{"filesMd5":[{"android":"1.0.0","iOS":"1.0.0","page":"/config/index.js","md5":"6f41616ff7cc5eb1b955e12855cd1531"},{"android":"1.0.0","iOS":"1.0.0","page":"/mediator/index.js","md5":"0376d3f27b9c62e290ed8d28da18a9bc"},{"android":"1.0.0","iOS":"1.0.0","page":"/pages/eros-demos/index.js","md5":"d6721f90284b48e088e06e3d33e7b8bf"},{"android":"1.0.0","iOS":"1.0.0","page":"/pages/eros-demos/tab1/tab-page/index.js","md5":"ba57067c9c7331b446b10174b021ff2b"},{"android":"1.0.0","iOS":"1.0.0","page":"/pages/eros-demos/tab2/amap.js","md5":"99778aef6443fe14c65b58fbea172571"},{"android":"1.0.0","iOS":"1.0.0","page":"/pages/eros-demos/tab2/iconfont.js","md5":"9455885bb27fd1418fb88fffb53325cd"},{"android":"1.0.0","iOS":"1.0.0","page":"/pages/eros-demos/tab2/router.js","md5":"d5547578e12464d4440022b0fe8c9a0a"},{"android":"1.0.0","iOS":"1.0.0","page":"/pages/eros-demos/tab2/index.js","md5":"ac14b6fcddd7d80c1bf18031ecf863e7"},{"android":"1.0.0","iOS":"1.0.0","page":"/pages/eros-demos/tab3/demo/index.js","md5":"583b27da27d224b16172f38fdc223d0e"},{"android":"1.0.0","iOS":"1.0.0","page":"/pages/eros-demos/tab3/index.js","md5":"e2c494c1fc8d01fbcf2f7fc9fe61da3e"},{"android":"1.0.0","iOS":"1.0.0","page":"/pages/eros-demos/tab3/waterfall.js","md5":"3c7d84aecadee2fa4d952e35a6f35158"}],"android":"1.0.0","iOS":"1.0.0","appName":"SeedCounter","jsVersion":"801648300ed42ccff0705ffb2bbea6e6","timestamp":1516096050411,"jsPath":"https://app.weex-eros.com/source"}
